-- phpMyAdmin SQL Dump
-- version 4.8.5
-- https://www.phpmyadmin.net/
--
-- Хост: 127.0.0.1:3306
-- Время создания: Янв 04 2020 г., 19:39
-- Версия сервера: 10.3.13-MariaDB
-- Версия PHP: 7.1.22

SET SQL_MODE = "NO_AUTO_VALUE_ON_ZERO";
SET AUTOCOMMIT = 0;
START TRANSACTION;
SET time_zone = "+00:00";


/*!40101 SET @OLD_CHARACTER_SET_CLIENT=@@CHARACTER_SET_CLIENT */;
/*!40101 SET @OLD_CHARACTER_SET_RESULTS=@@CHARACTER_SET_RESULTS */;
/*!40101 SET @OLD_COLLATION_CONNECTION=@@COLLATION_CONNECTION */;
/*!40101 SET NAMES utf8mb4 */;

--
-- База данных: `pwokskurs`
--

-- --------------------------------------------------------

--
-- Структура таблицы `animals`
--

CREATE TABLE `animals` (
  `id` bigint(20) UNSIGNED NOT NULL,
  `name` varchar(255) COLLATE utf8mb4_unicode_ci NOT NULL,
  `type_of_food_id` bigint(20) UNSIGNED DEFAULT NULL,
  `type_of_domestication_id` bigint(20) UNSIGNED DEFAULT NULL,
  `animal_class_id` bigint(20) UNSIGNED DEFAULT NULL,
  `description` text COLLATE utf8mb4_unicode_ci DEFAULT NULL,
  `photo_link` text COLLATE utf8mb4_unicode_ci DEFAULT NULL
) ENGINE=InnoDB DEFAULT CHARSET=utf8mb4 COLLATE=utf8mb4_unicode_ci;

--
-- Дамп данных таблицы `animals`
--

INSERT INTO `animals` (`id`, `name`, `type_of_food_id`, `type_of_domestication_id`, `animal_class_id`, `description`, `photo_link`) VALUES
(1, 'Мейн-кун', 3, 3, 5, 'Крупнейшая порода кошек, самцы весят от 5,9 до 8,2 кг (кастрированные — до 12 кг), а самки от 3,6 до 5,4 кг (стерилизованные — до 7,5—8,5 кг)[2]. Высота в холке у взрослых кошек достигает от 25 до 41 см, а общая длина с хвостом до 135 см (длина хвоста до 36 см)[3]. Полный потенциальный размер кошки достигается в возрасте от 3 до 5 лет, в то время как у большинства других кошек — в возрасте 1 года[4]. Однако есть и другие медленно взрослеющие породы, тоже крупного размера (например, норвежская лесная). Все особи породы мейн-кун имеют небольшие кисточки на кончиках ушей. Длина тела мейн-кунов составляет метр и более, самый длинный официально зарегистрированный мейн-кун имел тело длиной 1 метр 23 сантиметра.[5]\r\n\r\nПри рождении котята мейн-кунов несколько крупнее котят обычных кошек. Минимальный вес жизнеспособного новорождённого котёнка мейн-куна — 80 граммов, нормальный вес котят составляет 100-180 граммов.[6] Половой диморфизм у мейн-кунов выражено заметен. Кошки при рождении значительно меньше, чем коты, так же, как и во взрослом возрасте. Разница в весе может достигать одной трети, в среднем разница в весе между котами и кошками составляет одну четвёртую.[7]\r\n\r\nМейн-кун - длинношёрстная кошка. Шерсть мягкая и шелковистая, текстура может варьировать в зависимости от цвета шерсти и породного типа. Длина волоса на голове и плечах короче, на животе и по бокам длиннее, у некоторых котов развита украшающая грива на шее. Как и у многих аборигенных пород, шерсть мейн-кунов подвержена сезонным изменениям, летом она легче и короче, зимой чуть длиннее и с более развитым и плотным подшёрстком.\r\n\r\nМейн-куны могут быть любого окраса, типичного для обычных домашних кошек, а вот искусственные окрасы, говорящие о возможной примеси других пород, такие как шоколад, лаванда, колор-поинт или типпинг, принимаются не во всех федерациях. Например, колор-поинт в окрасах мейн-кунов принят только в TICA. Самым распространённым рисунком в породе является коричневый и дымчатый табби, в России известный как \"дикий\" окрас.Все цвета глаз принимаются в соответствии со стандартами окраса, за исключением случаев появления голубых или гетерохромных (то есть двух глаз разных цветов) у кошек, имеющих окрас шерсти, отличный от белого.\r\n\r\nШерсть мейн-куна приспособлена к суровому и холодному климату. Плотный подшёрсток на животе и удлинённый волос на задних лапах позволяют сидеть на снегу и льду, полидактилия и длинные пучки волос между подушечками лап, являющиеся обязательным признаком породы, облегчают ходьбу по снегу и их часто сравнивают со снегоступами, так как они увеличивают площадь, придавая лапам дополнительную устойчивость без значительного дополнительного веса. Уши с кисточками и удлинёнными пучками шерсти, растущими изнутри, помогают сохранить тепло в ушах.\r\n\r\nМногие из первоначальных кошек породы мейн-кун, обитавшие в районе Новой Англии, обладали чертой, известной как полидактилизм (наличие одного или нескольких дополнительных пальцев на лапе). Хотя некоторые источники утверждают, что признак, как полагают, имел место примерно у 40% популяции мейн-кунов в штате Мэн, сейчас полидактилизм встречается редко, если вообще когда-либо наблюдается у мейн-кунов на выставочном ринге, поскольку он неприемлем по общим стандартам для полудлинношёрстных пород в основных федерациях.Этот типичный для старой, аборигенной породы признак был почти искоренён из породы из-за того, что был автоматической дисквалификацией в выставочных рингах. Сейчас доказано, что ген полидактилизма является базовым аутосомно-доминантным геном, который не представляет угрозы для здоровья кошки. В наше время частные организации и заводчики поставили цель предотвращения исчезновения полидактилизма у мейн-кунов, и разводят таких животных отдельно от основных породных линий, принятых WCF и AFC\r\n\r\nФедерации, принимающие полидактилизм у мейн-кунов: CFA, TICA, CFF, ACFA,NZCF.[8]', 'https://upload.wikimedia.org/wikipedia/commons/thumb/a/aa/Karin_Maine_Coon.jpg/800px-Karin_Maine_Coon.jpg'),
(2, 'Бизон', 1, 2, 5, 'Бизон достигает 2,5—3 метров в длину и до 2 метров в высоту. Густая шерсть его серо-бурого цвета, на голове и на шее чёрно-бурого. Передняя часть тела покрыта более длинной шерстью. Голова массивная, с широким лбом; короткие толстые рога расходятся в стороны, концы же их заворачиваются внутрь; уши короткие и узкие; глаза большие, темные, шея короткая[5].\r\n\r\nТуловище с горбом на загривке; задняя часть его развита значительно слабее передней. Хвост короткий, с длинной густой кисточкой волос на конце. Ноги низкие, но очень сильные. Самки значительно меньше самцов, достигающих массы 1270 кг. Бизон очень похож на европейского зубра, и некоторые учёные полагают, что он не составляет отдельного вида, а есть лишь видоизменение зубра.\r\n\r\nСреди бизонов обычной бурой и светло-бурой масти могут встречаться особи резко аномального окраса.\r\n\r\nВ пределах вида выделяются два подвида — степной бизон (Bison bison bison) и лесной бизон (Bison bison athabascae), хорошо различимых по особенностям строения и мехового покрова[6].\r\n\r\n\r\nСтепной бизон (Bison bison bison)\r\n\r\nЛесной бизон (Bison bison athabascae)\r\nОсобенности строения и мехового покрова степного бизона — Bison bison bison:\r\n\r\nкрупная голова, плотная шапка волос между рогами, рога редко выступают выше шапки волос;\r\nвысшая точка горба над передними ногами, густая борода и выраженная грива горла, вытянутая за грудную клетку, хорошо выраженная меховая пелерина, мастью светлее лесного бизона;\r\nменьше и легче, чем лесной бизон (в пределах одного возраста и пола).\r\nОсобенности строения и мехового покрова лесного бизона:\r\n\r\nуменьшенная голова, тёмная чёлка из свисающих прядей надо лбом, рога обычно выступают над чёлкой;\r\nвысшая точка горба впереди передних ног, жидкая борода и рудиментарная грива горла, невыраженная меховая пелерина, шерсть обычно темнее, чем у степного бизона;\r\nкрупнее и тяжелее, чем степной бизон (в пределах одного возраста и пола).\r\nЛесные бизоны были открыты в конце XIX века. Некоторые ученые считают лесного бизона дожившим до наших дней подвидом первобытного бизона (Bison priscus). До настоящего времени сохранились только в глухих заболоченных ельниках в бассейнах рек Пис, Буффало, Берч (впадают в озёра Атабаска и Большое Невольничье).\r\n\r\nЧисленность бизонов, содержащихся для коммерческого использования, — около 500 000 голов (преимущественно степного бизона) приблизительно на 4000 частных ранчо. Однако, согласно Рекомендациям Красной книги МСОП, коммерческие стада не вправе рассматриваться в определителе Красной книги, поэтому общее поголовье бизона оценивается приблизительно в 30 000 особей, из которых 20 000 достигли возраста полового созревания. В Красной Книге МСОП вид определён как находящийся в состоянии, близком к угрожаемому (NT — NEAR THREATENED)[7].', 'https://upload.wikimedia.org/wikipedia/commons/thumb/8/8d/American_bison_k5680-1.jpg/1280px-American_bison_k5680-1.jpg'),
(3, 'Белый медведь', 2, 2, 5, 'Белый медведь — самый крупный представитель семейства медвежьих и отряда хищных. Его длина достигает 3 м, масса до 1 т. Обычно самцы весят 450—500 кг, длина тела 200—250 см. Самки заметно мельче (200—300 кг, 160—250 см). Высота в холке 130—150 см[2]. Самые мелкие медведи водятся на Шпицбергене, самые крупные — в Беринговом море.\r\n\r\nБелого медведя от других медведей отличают длинная шея и плоская голова. Кожа у него чёрная. Цвет шубы варьирует от белого до желтоватого; летом мех может желтеть из-за постоянного воздействия солнечного света. Шерсть белого медведя лишена пигментной окраски, и шерстинки полые. Полупрозрачные волоски пропускают только ультрафиолетовые лучи, придавая шерсти теплоизоляционные свойства[11]. При ультрафиолетовой фотосъёмке белый медведь кажется тёмным. Благодаря строению шерстинок белый медведь иногда может «позеленеть». Происходит это в жарком климате (в зоопарках), когда внутри шерстинок заводятся микроскопические водоросли.\r\n\r\nПодошвы ног подбиты шерстью, чтобы не скользить по льду и не мёрзнуть. Между пальцами есть плавательная перепонка, а передняя часть лап оторочена жёсткими щетинками. Крупные когти могут удержать даже сильную добычу.', 'https://upload.wikimedia.org/wikipedia/commons/6/66/Polar_Bear_-_Alaska_%28cropped%29.jpg'),
(4, 'Речной окунь', 2, 3, 1, 'Речно́й о́кунь[1], или обыкнове́нный окунь[2] (лат. Perca fluviatilis), — вид лучепёрых рыб рода пресноводных окуней семейства окунёвых (Percidae). Речной окунь широко распространён в пресных водоёмах Европы и Северной Азии (до бассейна Колымы на востоке и водоёмов северных районов Ирана и Афганистана на юге), завезён в Африку, Австралию и Новую Зеландию. Ранее считалось, что ареал речного окуня включает и водоёмы Северной Америки, которые по современным представлениям населяет самостоятельный вид жёлтый окунь (Perca flavescens).\r\n\r\nРечной окунь относится к хищным рыбам: в рационе взрослого окуня значительную долю занимают другие пресноводные рыбы. Речной окунь предпочитает придерживаться равнинных водоёмов, его можно встретить в реках, озёрах, прудах, водохранилищах и даже в солоноватых участках морей. Нерест у речного окуня происходит ранней весной, самка окуня откладывает икринки в форме длинной (до 1 м) студенистой ленты. Окунь — популярный объект любительского рыболовства, в отдельных водоёмах имеет важное промысловое значение.', 'https://upload.wikimedia.org/wikipedia/commons/6/62/Perca_fluviatilis-female_Siverskiy_Donets_River_Ukraine.jpg'),
(5, 'Обыкновенная гадюка', 2, 2, 4, 'Обыкновенная гадюка[1] (лат. Vipera berus) — вид ядовитых змей рода настоящих гадюк семейства гадюковых, часто встречающийся в Европе и Азии. В отличие от других представителей семейства, предпочитает более низкие температуры, встречающиеся либо на более высоких широтах (вплоть до полярного круга и даже севернее), либо в горах до 2600 м над уровнем моря.', 'https://upload.wikimedia.org/wikipedia/commons/thumb/d/dc/Benny_Trapp_Vipera_berus.jpg/1280px-Benny_Trapp_Vipera_berus.jpg'),
(6, 'Морская чайка', 3, 2, 3, 'Морская чайка может достигать длины 75 см и является самым крупным видом чаек. Она весит до 2 кг, а размах её крыльев составляет около 170 см. Её оперение окрашено в белый цвет за исключением верхней стороны крыльев, которая имеет чёрную окраску. Мощный жёлтый клюв на кончике с нижней стороны красного цвета. Окраска лапок бледно-розовая. У птенцов оперение бурое и становится белым, как у взрослых, лишь по истечении четырёх лет. В полёте морская чайка может достигать скорости до 110 км/ч. У неё нет естественных врагов. Продолжительность жизни составляет до 23 лет.', 'https://upload.wikimedia.org/wikipedia/commons/1/1c/Great_Black-backed_Gull.jpg'),
(7, 'Зелёная жаба', 2, 2, 2, 'Зелёная жаба[1][3] (лат. Bufotes viridis[1][2]) — бесхвостое земноводное из семейства жаб.\r\n\r\nОбитает в Южной и Центральной Европе, Северной Африке, Передней, Средней и Центральной Азии. Более южный чем серая жаба вид, на севере доходит только до Вологодской и Кировской областей.\r\n\r\nПредпочитает открытые места: поля, луга, поймы рек. Окрас: крупные тёмно-зелёные пятна, обрамлённые узкой чёрной каймой, на светло-серо-оливковом фоне. Рацион составляют в основном беспозвоночные, обитающие на суше. Имеет два способа защиты от врагов: маскирующая окраска и токсичные выделения на коже. Размножение в феврале — июле, в зависимости от широты и высоты над уровнем моря. Вокализирующие самцы иногда встречаются и в августе. Спаривание происходит на мелководье. Головастики выклёвываются обычно в мае. На мелководье около берегов личинки образуют большие скопления, содержащие тысячи особей. Частое использование мелких водоемов для икрометания ведет к высокой смертности яиц и личинок от пересыхания. Это компенсируется высокой плодовитостью самок, широким спектром используемых водоемов и растянутым периодом размножения в пределах популяции. Метаморфоз на юге ареала в июне — августе, иногда в сентябре.\r\n\r\nЗелёная жаба бывает у водоёмов только в период икрометания. Ведёт сумеречный образ жизни, а днём прячется в норах грызунов, щелях стен, в ямках, которые редко роет сама. Задние ноги у неё немного длиннее передних, что позволяет ей передвигаться небольшими прыжками.', 'https://upload.wikimedia.org/wikipedia/commons/thumb/d/d8/Bufo_viridis.jpg/1280px-Bufo_viridis.jpg'),
(8, 'Морская свинка', 1, 1, 5, 'Морские свинки были одомашнены в 5 тысячелетии до н. э. племенами Анд Южной Америки (современные территории южной Колумбии, Эквадора, Перу и Боливии) для употребления в пищу[4], через несколько тысяч лет после одомашнивания верблюдовых Южной Америки[5]. Статуи, датируемые периодом от 500 года до н. э. до 500 года н. э., изображающие морских свинок, были найдены при археологических раскопках в Перу и Эквадоре[6]. Люди культуры мочика поклонялись морским свинкам и изображали их на предметах искусства[7]. С 1200 года и до испанского завоевания в 1532 году была проведена селекционная работа, позволившая вывести много пород морских свинок, некоторые из которых являются основами для современных домашних морских свинок[8].', 'https://upload.wikimedia.org/wikipedia/commons/0/00/Two_adult_Guinea_Pigs_%28Cavia_porcellus%29.jpg');

-- --------------------------------------------------------

--
-- Структура таблицы `animal_classes`
--

CREATE TABLE `animal_classes` (
  `id` bigint(20) UNSIGNED NOT NULL,
  `short_name` varchar(255) COLLATE utf8mb4_unicode_ci NOT NULL,
  `long_name` varchar(255) COLLATE utf8mb4_unicode_ci NOT NULL
) ENGINE=InnoDB DEFAULT CHARSET=utf8mb4 COLLATE=utf8mb4_unicode_ci;

--
-- Дамп данных таблицы `animal_classes`
--

INSERT INTO `animal_classes` (`id`, `short_name`, `long_name`) VALUES
(1, 'рб', 'рыба'),
(2, 'зв', 'земноводное'),
(3, 'пт', 'птица'),
(4, 'рт', 'рептилия'),
(5, 'мл', 'млекопитающие');

-- --------------------------------------------------------

--
-- Структура таблицы `animal_locations`
--

CREATE TABLE `animal_locations` (
  `id` bigint(20) UNSIGNED NOT NULL,
  `animal_id` bigint(20) UNSIGNED DEFAULT NULL,
  `country_id` bigint(20) UNSIGNED DEFAULT NULL
) ENGINE=InnoDB DEFAULT CHARSET=utf8mb4 COLLATE=utf8mb4_unicode_ci;

--
-- Дамп данных таблицы `animal_locations`
--

INSERT INTO `animal_locations` (`id`, `animal_id`, `country_id`) VALUES
(1, 1, 1),
(2, 2, 1),
(3, 3, 4),
(4, 3, 2),
(5, 4, 3),
(6, 4, 2),
(7, 5, 2),
(8, 5, 3),
(9, 6, 4),
(10, 6, 1),
(11, 6, 3),
(12, 6, 2),
(13, 7, 3),
(14, 7, 2),
(15, 8, 4);

-- --------------------------------------------------------

--
-- Структура таблицы `articles`
--

CREATE TABLE `articles` (
  `id` bigint(20) UNSIGNED NOT NULL,
  `title` varchar(255) COLLATE utf8mb4_unicode_ci NOT NULL,
  `short_text` varchar(255) COLLATE utf8mb4_unicode_ci NOT NULL,
  `main_text` text COLLATE utf8mb4_unicode_ci NOT NULL,
  `create_date` datetime NOT NULL,
  `animal_id` bigint(20) UNSIGNED DEFAULT NULL,
  `author_id` bigint(20) UNSIGNED DEFAULT NULL
) ENGINE=InnoDB DEFAULT CHARSET=utf8mb4 COLLATE=utf8mb4_unicode_ci;

--
-- Дамп данных таблицы `articles`
--

INSERT INTO `articles` (`id`, `title`, `short_text`, `main_text`, `create_date`, `animal_id`, `author_id`) VALUES
(1, 'Уход за морской свинкой', 'Морская свинка – миролюбивый и веселый домашний питомец, в то же время обладающий ярко выраженной индивидуальностью. Если перед вами стоит вопрос, какое домашнее животное завести для ребенка, то морская свинка – один из наиболее удачных вариантов. ', 'Морская свинка – миролюбивый и веселый домашний питомец, в то же время обладающий ярко выраженной индивидуальностью. Если перед вами стоит вопрос, какое домашнее животное завести для ребенка, то морская свинка – один из наиболее удачных вариантов. Однако, стоит отметить, что полный уход за морской свинкой можно доверить только подросткам 13-14 лет. Дети более младшего возраста могут помочь взрослым в кормлении и уборке клетки. Но все, что касается осмотра животного, подстригания когтей, купания, обработки от паразитов – забота взрослых.\r\n\r\nСвинки не агрессивны и кусаются крайне редко и то, как правило, не по-настоящему, а лишь дают понять, что могут укусить. Они не стеснят вас даже в не очень просторной квартире, а корм не влетит в копеечку. Если не забывать чистить клетку, то и запах практически не ощущается. Кроме того, свинки активны в дневное время, чем выгодно отличаются от многих других грызунов, ведущих бурную ночную деятельность. Все это делает свинок весьма привлекательными для содержания дома. Симпатичный грызун хорошо ладит со всеми домочадцами и с другими домашними питомцами, разве что с кошкой дружбу не водит. Зверьки быстро привязываются к человеку, любят, когда их гладят. Уже после нескольких недель пребывания в новом доме, свинка узнает хозяина, с радостью идет к нему на руки и даже приветствует его появление радостными звуками. Хотите, чтобы вам всегда были рады? Тогда заведите морскую свинку. \r\n\r\nЕсли должным образом заботиться о свинке, уделять ей достаточно внимания, создать комфортные условия, то она может прожить в вашем доме от 5 до 8 лет, известны даже случаи, когда морские свинки жили 15 лет! \r\n\r\nЧто понадобится морской свинке?\r\nЕсли вы решили завести себе в качестве домашнего любимца морскую свинку, то для нее необходимо приобрети:\r\n\r\nклетку. Ее минимальный размер должен быть 70x45x40 см (длина x ширина х высота). Подробнее о требованиях к клетке для морской свинки можете прочитать здесь;\r\nподвесную или устойчивую тяжелую кормушку, которую животное не смогло бы перевернуть;\r\nподвесную шариковую поилку, предназначенную для грызунов. Такая поилка наиболее удобна, поскольку вода из нее не проливается и остается чистой;\r\nдля подстилки в клетке лучше всего использовать крупные древесные опилки. Их можно найти в любом зоомагазине и стоят они недорого. Опилки хорошо впитывают продукты жизнедеятельности животного. Использовать в качестве подстилки в клетке газету категорически нельзя, так как типографская краска крайне вредна для организма животного. Комкующийся наполнитель тоже не подходит– в нем содержатся опасные для здоровья животного вещества;\r\nудобную щетку и гребень для ухода за шерстью (для длинношерстных свинок);\r\nножнички для подрезки коготков;\r\nгамачки, подушечки, ведь морские свинки с удовольствием спят на мягком;\r\nигрушки. Морские свинки проявляют интерес к игрушкам, особенно тем, которые можно погрызть. Поэтому лучше покупать специально разработанные для морских свинок игрушки из экологически чистых и безопасных материалов, широкий выбор которых представлен в зоомагазинах.\r\nМорские свинки – животные компанейские, поэтому часто их держат группами. Если вы не планируете получать потомство от своих питомцев, не стоит содержать самок с самцами в одной клетке. При совместном содержании самцов драки неизбежны! Как правило, вместе держат несколько самочек. Необходимо знать, что беременность у свинки может наступить уже в возрасте уже 4-6 недель! Однако оптимальный возраст свинки для первых родов – с пяти до семи месяцев. Чтобы беременность и роды прошли без осложнений, свинка должна достичь веса в 700 г.\r\nОсновной рацион свинки – кормовые смеси, сено, овощи и фрукты, семена зерновых культур.', '2020-01-01 12:20:00', 8, 2),
(2, 'Дрессировка собак в домашних условиях', 'Этот раздел целиком посвящен дрессировке собак в домашних условиях. Я не буду писать банальные вещи о том, что дрессировать собаку должен профессионал и т.д.', 'Этот раздел целиком посвящен дрессировке собак в домашних условиях. Я не буду писать банальные вещи о том, что дрессировать собаку должен профессионал и т.д. Потому что это не так, точнее не совсем так. Конечно если у вас нет времени, возможности или желания заниматься с собакой, то лучше обратиться к специалистам, но если это все у вас есть, то что может быть лучше, чем собака, которая выдрессирована лично вами. Собака, которая прошла вместе с вами долгий и трудный путь от щенка к взрослой послушной собаке - это идеал, к которому можно и нужно стремиться.\r\n\r\n  Если вы читаете этот раздел, то наверно, вы решили дрессировать свою собаку самостоятельно, и я вам скажу-это правильно! Главное, чтобы хватило духу довести это начинание до логического завершения, а не бросить на середине пути. В этом разделе я буду помещать все материалы по самостоятельной дрессировке собак.\r\n\r\n  Само слово дрессировка происходит от французского \"дрессер\" и значит обучать. Это значит, что собаку учат выполнять определенные действия по определенным командам голосом либо условным жестам.\r\n\r\n   Нужно сразу разделить понятия дрессировки и воспитания. Часто приходится слышать просьбы людей, которые привозят свою собаку на дрессировку:\" А нам нужно, чтобы собака не рыла ямы во дворе и ходила только по дорожкам\" или \" У нас собака гавкает 24 часа на соседей, сделайте так, чтобы она не лаяла\". Эти вопросы не решаются с помощью дрессировки, и ни какой дрессировщик вам не поможет, если вы не воспитываете свою собаку. Дрессировщик может научить вашу собаку по команде \"Ко мне!\" подойти к вам, по команде \"Место!\" пойти на свое место, по команде \"Сидеть!\" сесть, по команде \"Лежать!\" лечь и т.д., но дрессировщик не может заставить вашу собаку не гоняться за котом или велосипедистом, не прыгать на вас лапами и не грызть вашу обувь. Воспитание щенка это отдельная большая тема .\r\n\r\nдрессировка по послушанию\r\n   Сейчас в мире существует множество самых разных видов и систем дрессировки собак. В чем их отличие. Я бы разделил все службы, по которым обучают собак, на два больших раздела. Первый раздел поменьше, это послушание - базовый раздел, который есть во всех видах дрессировки, будь то советской школы(окд) или западной дрессировки(ипо). Это связано с тем, что общение с собакой, которая не знает элементарных команд очень затруднено или вообще не возможно, не говоря уже о дальнейшем обучении. Точно так, как нельзя изучать математику, не зная таблицу умножения, нельзя заниматься с собакой, которая не подходит по команде \"Ко мне!\" или не прекращает свои действия по команде \"Нельзя!\". В общую дрессировку входят команды нужные в ежедневном общении с собакой для беспроблемной коммуникации и полезны как человеку, так и собаке. Это команды \"Ко мне!\", \"Нельзя!\", \"Рядом!\", \"Место!\", \"Сидеть!\", \"Лежать!\" и т.д.\r\n\r\nспециальная дрессировка\r\n  Второй раздел-это специальная дрессировка. Этот раздел куда более разнообразен. Здесь обучение, в основном, идет по профессиональному принципу. То есть, служебные собаки подготавливаются по различным службам, таким как отечественные защитно-караульная служба, караульная служба, розыскная служба, собака спасатель и т.д, а также разнообразным иностранным видам дрессировки: ипо, шуцхунд, мадьоринг и т.д. Охотничьи собаки подготавливаются по своим специальностям: норные, гончие, борзые и т.д. Большое распространение получили разные виды спортивной дрессировки, такие как аджилити и им подобные.\r\n\r\n  Какой нужно сделать вывод? Заниматься воспитанием собаки нужно с первого дня появления ее у вас дома. Дрессировать собаку по послушанию нужно обязательно, в каком объеме и каким способом решать только вам. Что касается специальных видов дрессировки, то заниматься ими или нет, зависит только от вашего желания и возможностей.', '2019-12-28 10:34:00', NULL, 2);

-- --------------------------------------------------------

--
-- Структура таблицы `article_keywords`
--

CREATE TABLE `article_keywords` (
  `id` bigint(20) UNSIGNED NOT NULL,
  `article_id` bigint(20) UNSIGNED DEFAULT NULL,
  `keyword` varchar(255) COLLATE utf8mb4_unicode_ci NOT NULL
) ENGINE=InnoDB DEFAULT CHARSET=utf8mb4 COLLATE=utf8mb4_unicode_ci;

--
-- Дамп данных таблицы `article_keywords`
--

INSERT INTO `article_keywords` (`id`, `article_id`, `keyword`) VALUES
(1, 1, 'Уход'),
(2, 1, 'Питание'),
(3, 2, 'Дрессировка'),
(4, 1, 'Морская свинка'),
(5, 2, 'Собака');

-- --------------------------------------------------------

--
-- Структура таблицы `countries`
--

CREATE TABLE `countries` (
  `id` bigint(20) UNSIGNED NOT NULL,
  `short_name` varchar(255) COLLATE utf8mb4_unicode_ci NOT NULL,
  `long_name` varchar(255) COLLATE utf8mb4_unicode_ci NOT NULL
) ENGINE=InnoDB DEFAULT CHARSET=utf8mb4 COLLATE=utf8mb4_unicode_ci;

--
-- Дамп данных таблицы `countries`
--

INSERT INTO `countries` (`id`, `short_name`, `long_name`) VALUES
(1, 'США', 'Соединенные Штаты Америки'),
(2, 'РФ', 'Российская Федерация'),
(3, 'УК', 'Украина'),
(4, 'КД', 'Канада');

-- --------------------------------------------------------

--
-- Структура таблицы `failed_jobs`
--

CREATE TABLE `failed_jobs` (
  `id` bigint(20) UNSIGNED NOT NULL,
  `connection` text COLLATE utf8mb4_unicode_ci NOT NULL,
  `queue` text COLLATE utf8mb4_unicode_ci NOT NULL,
  `payload` longtext COLLATE utf8mb4_unicode_ci NOT NULL,
  `exception` longtext COLLATE utf8mb4_unicode_ci NOT NULL,
  `failed_at` timestamp NOT NULL DEFAULT current_timestamp()
) ENGINE=InnoDB DEFAULT CHARSET=utf8mb4 COLLATE=utf8mb4_unicode_ci;

-- --------------------------------------------------------

--
-- Структура таблицы `migrations`
--

CREATE TABLE `migrations` (
  `id` int(10) UNSIGNED NOT NULL,
  `migration` varchar(255) COLLATE utf8mb4_unicode_ci NOT NULL,
  `batch` int(11) NOT NULL
) ENGINE=InnoDB DEFAULT CHARSET=utf8mb4 COLLATE=utf8mb4_unicode_ci;

--
-- Дамп данных таблицы `migrations`
--

INSERT INTO `migrations` (`id`, `migration`, `batch`) VALUES
(1, '2014_10_12_000000_create_users_table', 1),
(2, '2014_10_12_100000_create_password_resets_table', 1),
(3, '2019_08_19_000000_create_failed_jobs_table', 1),
(4, '2020_01_02_101413_create_types_of_food_table', 2),
(5, '2020_01_02_101843_create_types_of_domestication_table', 2),
(6, '2020_01_02_101951_create_animal_classes_table', 2),
(7, '2020_01_02_102051_create_countries_table', 2),
(8, '2020_01_02_102301_create_animals_table', 2),
(9, '2020_01_02_103006_create_animal_locations_table', 2),
(10, '2020_01_02_103342_create_articles_table', 2),
(11, '2020_01_02_103901_create_article_keywords_table', 2);

-- --------------------------------------------------------

--
-- Структура таблицы `password_resets`
--

CREATE TABLE `password_resets` (
  `email` varchar(255) COLLATE utf8mb4_unicode_ci NOT NULL,
  `token` varchar(255) COLLATE utf8mb4_unicode_ci NOT NULL,
  `created_at` timestamp NULL DEFAULT NULL
) ENGINE=InnoDB DEFAULT CHARSET=utf8mb4 COLLATE=utf8mb4_unicode_ci;

-- --------------------------------------------------------

--
-- Структура таблицы `types_of_domestication`
--

CREATE TABLE `types_of_domestication` (
  `id` bigint(20) UNSIGNED NOT NULL,
  `short_name` varchar(255) COLLATE utf8mb4_unicode_ci NOT NULL,
  `long_name` varchar(255) COLLATE utf8mb4_unicode_ci NOT NULL
) ENGINE=InnoDB DEFAULT CHARSET=utf8mb4 COLLATE=utf8mb4_unicode_ci;

--
-- Дамп данных таблицы `types_of_domestication`
--

INSERT INTO `types_of_domestication` (`id`, `short_name`, `long_name`) VALUES
(1, 'дом', 'домашнее'),
(2, 'дк', 'дикое'),
(3, 'см', 'смешанное');

-- --------------------------------------------------------

--
-- Структура таблицы `types_of_food`
--

CREATE TABLE `types_of_food` (
  `id` bigint(20) UNSIGNED NOT NULL,
  `short_name` varchar(255) COLLATE utf8mb4_unicode_ci NOT NULL,
  `long_name` varchar(255) COLLATE utf8mb4_unicode_ci NOT NULL
) ENGINE=InnoDB DEFAULT CHARSET=utf8mb4 COLLATE=utf8mb4_unicode_ci;

--
-- Дамп данных таблицы `types_of_food`
--

INSERT INTO `types_of_food` (`id`, `short_name`, `long_name`) VALUES
(1, 'тр', 'травоядное'),
(2, 'пл', 'плотоядное'),
(3, 'вс', 'всеядное');

-- --------------------------------------------------------

--
-- Структура таблицы `users`
--

CREATE TABLE `users` (
  `id` bigint(20) UNSIGNED NOT NULL,
  `name` varchar(255) COLLATE utf8mb4_unicode_ci NOT NULL,
  `email` varchar(255) COLLATE utf8mb4_unicode_ci NOT NULL,
  `is_admin` tinyint(1) NOT NULL DEFAULT 0,
  `email_verified_at` timestamp NULL DEFAULT NULL,
  `password` varchar(255) COLLATE utf8mb4_unicode_ci NOT NULL,
  `remember_token` varchar(100) COLLATE utf8mb4_unicode_ci DEFAULT NULL,
  `created_at` timestamp NULL DEFAULT NULL,
  `updated_at` timestamp NULL DEFAULT NULL
) ENGINE=InnoDB DEFAULT CHARSET=utf8mb4 COLLATE=utf8mb4_unicode_ci;

--
-- Дамп данных таблицы `users`
--

INSERT INTO `users` (`id`, `name`, `email`, `is_admin`, `email_verified_at`, `password`, `remember_token`, `created_at`, `updated_at`) VALUES
(1, 'valera', 'valera_ch@mail.ru', 0, NULL, '$2y$10$cu8P/fIt1WfyFrKbAFo5deRZ2X2Fg9W04I.lIn.SChna1FKdIyPVG', NULL, '2020-01-02 07:58:03', '2020-01-02 07:58:03'),
(2, 'admin', 'admin@mail.ru', 1, NULL, '$2y$10$cu8P/fIt1WfyFrKbAFo5deRZ2X2Fg9W04I.lIn.SChna1FKdIyPVG', NULL, '2020-01-02 07:58:03', '2020-01-02 07:58:03');

--
-- Индексы сохранённых таблиц
--

--
-- Индексы таблицы `animals`
--
ALTER TABLE `animals`
  ADD PRIMARY KEY (`id`),
  ADD KEY `animals_type_of_food_id_foreign` (`type_of_food_id`),
  ADD KEY `animals_type_of_domestication_id_foreign` (`type_of_domestication_id`),
  ADD KEY `animals_animal_class_id_foreign` (`animal_class_id`);

--
-- Индексы таблицы `animal_classes`
--
ALTER TABLE `animal_classes`
  ADD PRIMARY KEY (`id`);

--
-- Индексы таблицы `animal_locations`
--
ALTER TABLE `animal_locations`
  ADD PRIMARY KEY (`id`),
  ADD KEY `animal_locations_animal_id_foreign` (`animal_id`),
  ADD KEY `animal_locations_country_id_foreign` (`country_id`);

--
-- Индексы таблицы `articles`
--
ALTER TABLE `articles`
  ADD PRIMARY KEY (`id`),
  ADD KEY `articles_animal_id_foreign` (`animal_id`),
  ADD KEY `articles_author_id_foreign` (`author_id`);

--
-- Индексы таблицы `article_keywords`
--
ALTER TABLE `article_keywords`
  ADD PRIMARY KEY (`id`),
  ADD KEY `article_keywords_article_id_foreign` (`article_id`);

--
-- Индексы таблицы `countries`
--
ALTER TABLE `countries`
  ADD PRIMARY KEY (`id`);

--
-- Индексы таблицы `failed_jobs`
--
ALTER TABLE `failed_jobs`
  ADD PRIMARY KEY (`id`);

--
-- Индексы таблицы `migrations`
--
ALTER TABLE `migrations`
  ADD PRIMARY KEY (`id`);

--
-- Индексы таблицы `password_resets`
--
ALTER TABLE `password_resets`
  ADD KEY `password_resets_email_index` (`email`);

--
-- Индексы таблицы `types_of_domestication`
--
ALTER TABLE `types_of_domestication`
  ADD PRIMARY KEY (`id`);

--
-- Индексы таблицы `types_of_food`
--
ALTER TABLE `types_of_food`
  ADD PRIMARY KEY (`id`);

--
-- Индексы таблицы `users`
--
ALTER TABLE `users`
  ADD PRIMARY KEY (`id`),
  ADD UNIQUE KEY `users_email_unique` (`email`);

--
-- AUTO_INCREMENT для сохранённых таблиц
--

--
-- AUTO_INCREMENT для таблицы `animals`
--
ALTER TABLE `animals`
  MODIFY `id` bigint(20) UNSIGNED NOT NULL AUTO_INCREMENT, AUTO_INCREMENT=9;

--
-- AUTO_INCREMENT для таблицы `animal_classes`
--
ALTER TABLE `animal_classes`
  MODIFY `id` bigint(20) UNSIGNED NOT NULL AUTO_INCREMENT, AUTO_INCREMENT=6;

--
-- AUTO_INCREMENT для таблицы `animal_locations`
--
ALTER TABLE `animal_locations`
  MODIFY `id` bigint(20) UNSIGNED NOT NULL AUTO_INCREMENT, AUTO_INCREMENT=16;

--
-- AUTO_INCREMENT для таблицы `articles`
--
ALTER TABLE `articles`
  MODIFY `id` bigint(20) UNSIGNED NOT NULL AUTO_INCREMENT, AUTO_INCREMENT=3;

--
-- AUTO_INCREMENT для таблицы `article_keywords`
--
ALTER TABLE `article_keywords`
  MODIFY `id` bigint(20) UNSIGNED NOT NULL AUTO_INCREMENT, AUTO_INCREMENT=6;

--
-- AUTO_INCREMENT для таблицы `countries`
--
ALTER TABLE `countries`
  MODIFY `id` bigint(20) UNSIGNED NOT NULL AUTO_INCREMENT, AUTO_INCREMENT=5;

--
-- AUTO_INCREMENT для таблицы `failed_jobs`
--
ALTER TABLE `failed_jobs`
  MODIFY `id` bigint(20) UNSIGNED NOT NULL AUTO_INCREMENT;

--
-- AUTO_INCREMENT для таблицы `migrations`
--
ALTER TABLE `migrations`
  MODIFY `id` int(10) UNSIGNED NOT NULL AUTO_INCREMENT, AUTO_INCREMENT=12;

--
-- AUTO_INCREMENT для таблицы `types_of_domestication`
--
ALTER TABLE `types_of_domestication`
  MODIFY `id` bigint(20) UNSIGNED NOT NULL AUTO_INCREMENT, AUTO_INCREMENT=4;

--
-- AUTO_INCREMENT для таблицы `types_of_food`
--
ALTER TABLE `types_of_food`
  MODIFY `id` bigint(20) UNSIGNED NOT NULL AUTO_INCREMENT, AUTO_INCREMENT=4;

--
-- AUTO_INCREMENT для таблицы `users`
--
ALTER TABLE `users`
  MODIFY `id` bigint(20) UNSIGNED NOT NULL AUTO_INCREMENT, AUTO_INCREMENT=3;

--
-- Ограничения внешнего ключа сохраненных таблиц
--

--
-- Ограничения внешнего ключа таблицы `animals`
--
ALTER TABLE `animals`
  ADD CONSTRAINT `animals_animal_class_id_foreign` FOREIGN KEY (`animal_class_id`) REFERENCES `animal_classes` (`id`),
  ADD CONSTRAINT `animals_type_of_domestication_id_foreign` FOREIGN KEY (`type_of_domestication_id`) REFERENCES `types_of_domestication` (`id`),
  ADD CONSTRAINT `animals_type_of_food_id_foreign` FOREIGN KEY (`type_of_food_id`) REFERENCES `types_of_food` (`id`);

--
-- Ограничения внешнего ключа таблицы `animal_locations`
--
ALTER TABLE `animal_locations`
  ADD CONSTRAINT `animal_locations_animal_id_foreign` FOREIGN KEY (`animal_id`) REFERENCES `animals` (`id`),
  ADD CONSTRAINT `animal_locations_country_id_foreign` FOREIGN KEY (`country_id`) REFERENCES `countries` (`id`);

--
-- Ограничения внешнего ключа таблицы `articles`
--
ALTER TABLE `articles`
  ADD CONSTRAINT `articles_animal_id_foreign` FOREIGN KEY (`animal_id`) REFERENCES `animals` (`id`),
  ADD CONSTRAINT `articles_author_id_foreign` FOREIGN KEY (`author_id`) REFERENCES `users` (`id`);

--
-- Ограничения внешнего ключа таблицы `article_keywords`
--
ALTER TABLE `article_keywords`
  ADD CONSTRAINT `article_keywords_article_id_foreign` FOREIGN KEY (`article_id`) REFERENCES `articles` (`id`);
COMMIT;

/*!40101 SET CHARACTER_SET_CLIENT=@OLD_CHARACTER_SET_CLIENT */;
/*!40101 SET CHARACTER_SET_RESULTS=@OLD_CHARACTER_SET_RESULTS */;
/*!40101 SET COLLATION_CONNECTION=@OLD_COLLATION_CONNECTION */;
